timestep,location,flow,occupy,speed
1,0,2,1,1
1,1,19,1,1
1,2,6,1,1
1,3,12,1,1
1,4,30,1,1
1,5,10,1,1
1,6,16,1,1
1,7,18,1,1
1,8,12,1,1
1,9,25,1,1
1,10,0,1,1
1,11,28,1,1
2,0,4,1,1
2,1,24,1,1
2,2,0,1,1
2,3,11,1,1
2,4,23,1,1
2,5,9,1,1
2,6,13,1,1
2,7,29,1,1
2,8,9,1,1
2,9,17,1,1
2,10,0,1,1
2,11,13,1,1
3,0,5,1,1
3,1,14,1,1
3,2,3,1,1
3,3,16,1,1
3,4,18,1,1
3,5,13,1,1
3,6,14,1,1
3,7,17,1,1
3,8,1,1,1
3,9,16,1,1
3,10,0,1,1
3,11,16,1,1
4,0,1,1,1
4,1,20,1,1
4,2,0,1,1
4,3,10,1,1
4,4,18,1,1
4,5,11,1,1
4,6,11,1,1
4,7,17,1,1
4,8,6,1,1
4,9,16,1,1
4,10,0,1,1
4,11,17,1,1
5,0,6,1,1
5,1,10,1,1
5,2,1,1,1
5,3,13,1,1
5,4,24,1,1
5,5,9,1,1
5,6,10,1,1
5,7,12,1,1
5,8,1,1,1
5,9,9,1,1
5,10,0,1,1
5,11,8,1,1
6,0,1,1,1
6,1,9,1,1
6,2,3,1,1
6,3,10,1,1
6,4,18,1,1
6,5,5,1,1
6,6,9,1,1
6,7,14,1,1
6,8,1,1,1
6,9,10,1,1
6,10,0,1,1
6,11,13,1,1
7,0,4,1,1
7,1,10,1,1
7,2,0,1,1
7,3,8,1,1
7,4,12,1,1
7,5,6,1,1
7,6,10,1,1
7,7,5,1,1
7,8,2,1,1
7,9,9,1,1
7,10,0,1,1
7,11,8,1,1
8,0,1,1,1
8,1,12,1,1
8,2,1,1,1
8,3,6,1,1
8,4,16,1,1
8,5,4,1,1
8,6,5,1,1
8,7,14,1,1
8,8,1,1,1
8,9,4,1,1
8,10,0,1,1
8,11,8,1,1
9,0,2,1,1
9,1,6,1,1
9,2,0,1,1
9,3,8,1,1
9,4,6,1,1
9,5,2,1,1
9,6,6,1,1
9,7,13,1,1
9,8,1,1,1
9,9,5,1,1
9,10,0,1,1
9,11,8,1,1
10,0,0,1,1
10,1,5,1,1
10,2,1,1,1
10,3,5,1,1
10,4,10,1,1
10,5,2,1,1
10,6,7,1,1
10,7,7,1,1
10,8,1,1,1
10,9,4,1,1
10,10,0,1,1
10,11,11,1,1
11,0,1,1,1
11,1,4,1,1
11,2,0,1,1
11,3,6,1,1
11,4,4,1,1
11,5,2,1,1
11,6,4,1,1
11,7,5,1,1
11,8,1,1,1
11,9,6,1,1
11,10,0,1,1
11,11,5,1,1
12,0,1,1,1
12,1,9,1,1
12,2,1,1,1
12,3,4,1,1
12,4,8,1,1
12,5,6,1,1
12,6,4,1,1
12,7,6,1,1
12,8,6,1,1
12,9,3,1,1
12,10,0,1,1
12,11,5,1,1
13,0,1,1,1
13,1,1,1,1
13,2,0,1,1
13,3,4,1,1
13,4,5,1,1
13,5,4,1,1
13,6,2,1,1
13,7,5,1,1
13,8,2,1,1
13,9,3,1,1
13,10,0,1,1
13,11,1,1,1
14,0,2,1,1
14,1,3,1,1
14,2,2,1,1
14,3,3,1,1
14,4,3,1,1
14,5,4,1,1
14,6,2,1,1
14,7,3,1,1
14,8,1,1,1
14,9,1,1,1
14,10,0,1,1
14,11,2,1,1
15,0,2,1,1
15,1,4,1,1
15,2,1,1,1
15,3,1,1,1
15,4,7,1,1
15,5,1,1,1
15,6,2,1,1
15,7,7,1,1
15,8,2,1,1
15,9,0,1,1
15,10,0,1,1
15,11,3,1,1
16,0,0,1,1
16,1,3,1,1
16,2,0,1,1
16,3,2,1,1
16,4,4,1,1
16,5,2,1,1
16,6,2,1,1
16,7,3,1,1
16,8,0,1,1
16,9,2,1,1
16,10,0,1,1
16,11,4,1,1
17,0,0,1,1
17,1,0,1,1
17,2,1,1,1
17,3,0,1,1
17,4,4,1,1
17,5,3,1,1
17,6,0,1,1
17,7,5,1,1
17,8,1,1,1
17,9,2,1,1
17,10,0,1,1
17,11,2,1,1
18,0,1,1,1
18,1,6,1,1
18,2,1,1,1
18,3,0,1,1
18,4,6,1,1
18,5,5,1,1
18,6,3,1,1
18,7,2,1,1
18,8,0,1,1
18,9,3,1,1
18,10,0,1,1
18,11,1,1,1
19,0,0,1,1
19,1,3,1,1
19,2,0,1,1
19,3,1,1,1
19,4,2,1,1
19,5,1,1,1
19,6,1,1,1
19,7,4,1,1
19,8,1,1,1
19,9,1,1,1
19,10,0,1,1
19,11,5,1,1
20,0,1,1,1
20,1,2,1,1
20,2,1,1,1
20,3,1,1,1
20,4,3,1,1
20,5,0,1,1
20,6,2,1,1
20,7,3,1,1
20,8,2,1,1
20,9,0,1,1
20,10,0,1,1
20,11,3,1,1
21,0,1,1,1
21,1,3,1,1
21,2,1,1,1
21,3,2,1,1
21,4,1,1,1
21,5,1,1,1
21,6,2,1,1
21,7,3,1,1
21,8,0,1,1
21,9,3,1,1
21,10,0,1,1
21,11,2,1,1
22,0,0,1,1
22,1,0,1,1
22,2,0,1,1
22,3,1,1,1
22,4,3,1,1
22,5,0,1,1
22,6,1,1,1
22,7,1,1,1
22,8,0,1,1
22,9,1,1,1
22,10,0,1,1
22,11,1,1,1
23,0,1,1,1
23,1,1,1,1
23,2,0,1,1
23,3,2,1,1
23,4,1,1,1
23,5,1,1,1
23,6,2,1,1
23,7,2,1,1
23,8,0,1,1
23,9,0,1,1
23,10,0,1,1
23,11,3,1,1
24,0,0,1,1
24,1,1,1,1
24,2,0,1,1
24,3,3,1,1
24,4,0,1,1
24,5,2,1,1
24,6,3,1,1
24,7,1,1,1
24,8,1,1,1
24,9,1,1,1
24,10,0,1,1
24,11,4,1,1
25,0,0,1,1
25,1,3,1,1
25,2,0,1,1
25,3,0,1,1
25,4,2,1,1
25,5,1,1,1
25,6,1,1,1
25,7,1,1,1
25,8,0,1,1
25,9,4,1,1
25,10,0,1,1
25,11,0,1,1
26,0,0,1,1
26,1,3,1,1
26,2,0,1,1
26,3,0,1,1
26,4,2,1,1
26,5,1,1,1
26,6,0,1,1
26,7,2,1,1
26,8,0,1,1
26,9,0,1,1
26,10,0,1,1
26,11,0,1,1
27,0,0,1,1
27,1,2,1,1
27,2,1,1,1
27,3,2,1,1
27,4,3,1,1
27,5,0,1,1
27,6,0,1,1
27,7,3,1,1
27,8,1,1,1
27,9,0,1,1
27,10,0,1,1
27,11,2,1,1
28,0,0,1,1
28,1,0,1,1
28,2,2,1,1
28,3,4,1,1
28,4,5,1,1
28,5,0,1,1
28,6,5,1,1
28,7,2,1,1
28,8,1,1,1
28,9,2,1,1
28,10,0,1,1
28,11,7,1,1
29,0,1,1,1
29,1,3,1,1
29,2,0,1,1
29,3,1,1,1
29,4,0,1,1
29,5,2,1,1
29,6,1,1,1
29,7,1,1,1
29,8,1,1,1
29,9,3,1,1
29,10,0,1,1
29,11,1,1,1
30,0,0,1,1
30,1,0,1,1
30,2,0,1,1
30,3,1,1,1
30,4,3,1,1
30,5,0,1,1
30,6,0,1,1
30,7,1,1,1
30,8,1,1,1
30,9,1,1,1
30,10,0,1,1
30,11,0,1,1
31,0,1,1,1
31,1,4,1,1
31,2,0,1,1
31,3,1,1,1
31,4,2,1,1
31,5,2,1,1
31,6,1,1,1
31,7,5,1,1
31,8,1,1,1
31,9,1,1,1
31,10,0,1,1
31,11,0,1,1
32,0,0,1,1
32,1,3,1,1
32,2,1,1,1
32,3,0,1,1
32,4,3,1,1
32,5,1,1,1
32,6,0,1,1
32,7,6,1,1
32,8,0,1,1
32,9,2,1,1
32,10,0,1,1
32,11,2,1,1
33,0,1,1,1
33,1,2,1,1
33,2,0,1,1
33,3,1,1,1
33,4,4,1,1
33,5,0,1,1
33,6,1,1,1
33,7,6,1,1
33,8,1,1,1
33,9,1,1,1
33,10,0,1,1
33,11,0,1,1
34,0,2,1,1
34,1,3,1,1
34,2,1,1,1
34,3,0,1,1
34,4,3,1,1
34,5,1,1,1
34,6,2,1,1
34,7,3,1,1
34,8,0,1,1
34,9,0,1,1
34,10,0,1,1
34,11,0,1,1
35,0,1,1,1
35,1,6,1,1
35,2,0,1,1
35,3,2,1,1
35,4,4,1,1
35,5,3,1,1
35,6,3,1,1
35,7,6,1,1
35,8,1,1,1
35,9,3,1,1
35,10,0,1,1
35,11,4,1,1
36,0,0,1,1
36,1,9,1,1
36,2,2,1,1
36,3,3,1,1
36,4,4,1,1
36,5,3,1,1
36,6,1,1,1
36,7,4,1,1
36,8,2,1,1
36,9,2,1,1
36,10,0,1,1
36,11,2,1,1
37,0,1,1,1
37,1,12,1,1
37,2,3,1,1
37,3,2,1,1
37,4,8,1,1
37,5,3,1,1
37,6,3,1,1
37,7,8,1,1
37,8,3,1,1
37,9,3,1,1
37,10,0,1,1
37,11,1,1,1
38,0,1,1,1
38,1,11,1,1
38,2,3,1,1
38,3,5,1,1
38,4,12,1,1
38,5,1,1,1
38,6,6,1,1
38,7,10,1,1
38,8,3,1,1
38,9,1,1,1
38,10,0,1,1
38,11,5,1,1
39,0,3,1,1
39,1,13,1,1
39,2,6,1,1
39,3,3,1,1
39,4,8,1,1
39,5,2,1,1
39,6,7,1,1
39,7,14,1,1
39,8,1,1,1
39,9,3,1,1
39,10,0,1,1
39,11,5,1,1
40,0,1,1,1
40,1,13,1,1
40,2,7,1,1
40,3,4,1,1
40,4,14,1,1
40,5,4,1,1
40,6,6,1,1
40,7,16,1,1
40,8,3,1,1
40,9,5,1,1
40,10,0,1,1
40,11,3,1,1
41,0,4,1,1
41,1,23,1,1
41,2,7,1,1
41,3,9,1,1
41,4,23,1,1
41,5,4,1,1
41,6,9,1,1
41,7,28,1,1
41,8,2,1,1
41,9,3,1,1
41,10,0,1,1
41,11,5,1,1
42,0,4,1,1
42,1,30,1,1
42,2,11,1,1
42,3,13,1,1
42,4,31,1,1
42,5,7,1,1
42,6,15,1,1
42,7,34,1,1
42,8,4,1,1
42,9,18,1,1
42,10,0,1,1
42,11,21,1,1
43,0,2,1,1
43,1,48,1,1
43,2,17,1,1
43,3,17,1,1
43,4,33,1,1
43,5,18,1,1
43,6,19,1,1
43,7,49,1,1
43,8,2,1,1
43,9,22,1,1
43,10,0,1,1
43,11,16,1,1
44,0,3,1,1
44,1,51,1,1
44,2,16,1,1
44,3,29,1,1
44,4,41,1,1
44,5,17,1,1
44,6,24,1,1
44,7,42,1,1
44,8,12,1,1
44,9,21,1,1
44,10,0,1,1
44,11,23,1,1
45,0,7,1,1
45,1,62,1,1
45,2,18,1,1
45,3,17,1,1
45,4,44,1,1
45,5,25,1,1
45,6,15,1,1
45,7,59,1,1
45,8,11,1,1
45,9,32,1,1
45,10,0,1,1
45,11,18,1,1
46,0,6,1,1
46,1,65,1,1
46,2,9,1,1
46,3,22,1,1
46,4,49,1,1
46,5,29,1,1
46,6,24,1,1
46,7,66,1,1
46,8,17,1,1
46,9,39,1,1
46,10,0,1,1
46,11,24,1,1
47,0,21,1,1
47,1,98,1,1
47,2,17,1,1
47,3,29,1,1
47,4,71,1,1
47,5,44,1,1
47,6,35,1,1
47,7,80,1,1
47,8,14,1,1
47,9,50,1,1
47,10,0,1,1
47,11,43,1,1
48,0,13,1,1
48,1,98,1,1
48,2,36,1,1
48,3,31,1,1
48,4,54,1,1
48,5,55,1,1
48,6,41,1,1
48,7,113,1,1
48,8,24,1,1
48,9,63,1,1
48,10,0,1,1
48,11,46,1,1
49,0,12,1,1
49,1,131,1,1
49,2,41,1,1
49,3,45,1,1
49,4,62,1,1
49,5,72,1,1
49,6,49,1,1
49,7,108,1,1
49,8,28,1,1
49,9,89,1,1
49,10,0,1,1
49,11,56,1,1
50,0,19,1,1
50,1,151,1,1
50,2,41,1,1
50,3,50,1,1
50,4,96,1,1
50,5,74,1,1
50,6,45,1,1
50,7,149,1,1
50,8,25,1,1
50,9,75,1,1
50,10,0,1,1
50,11,45,1,1
51,0,26,1,1
51,1,167,1,1
51,2,40,1,1
51,3,51,1,1
51,4,106,1,1
51,5,70,1,1
51,6,46,1,1
51,7,164,1,1
51,8,26,1,1
51,9,101,1,1
51,10,0,1,1
51,11,51,1,1
52,0,19,1,1
52,1,155,1,1
52,2,43,1,1
52,3,47,1,1
52,4,94,1,1
52,5,80,1,1
52,6,45,1,1
52,7,152,1,1
52,8,26,1,1
52,9,84,1,1
52,10,0,1,1
52,11,53,1,1
53,0,11,1,1
53,1,144,1,1
53,2,38,1,1
53,3,40,1,1
53,4,85,1,1
53,5,68,1,1
53,6,42,1,1
53,7,132,1,1
53,8,25,1,1
53,9,84,1,1
53,10,0,1,1
53,11,46,1,1
54,0,14,1,1
54,1,151,1,1
54,2,50,1,1
54,3,57,1,1
54,4,68,1,1
54,5,53,1,1
54,6,44,1,1
54,7,119,1,1
54,8,21,1,1
54,9,77,1,1
54,10,0,1,1
54,11,39,1,1
55,0,12,1,1
55,1,123,1,1
55,2,36,1,1
55,3,48,1,1
55,4,69,1,1
55,5,58,1,1
55,6,51,1,1
55,7,125,1,1
55,8,25,1,1
55,9,71,1,1
55,10,0,1,1
55,11,61,1,1
56,0,12,1,1
56,1,118,1,1
56,2,27,1,1
56,3,52,1,1
56,4,62,1,1
56,5,52,1,1
56,6,48,1,1
56,7,90,1,1
56,8,17,1,1
56,9,64,1,1
56,10,0,1,1
56,11,47,1,1
57,0,17,1,1
57,1,96,1,1
57,2,27,1,1
57,3,52,1,1
57,4,49,1,1
57,5,35,1,1
57,6,44,1,1
57,7,80,1,1
57,8,25,1,1
57,9,52,1,1
57,10,0,1,1
57,11,44,1,1
58,0,11,1,1
58,1,103,1,1
58,2,20,1,1
58,3,40,1,1
58,4,54,1,1
58,5,40,1,1
58,6,33,1,1
58,7,72,1,1
58,8,27,1,1
58,9,71,1,1
58,10,0,1,1
58,11,50,1,1
59,0,15,1,1
59,1,96,1,1
59,2,18,1,1
59,3,54,1,1
59,4,59,1,1
59,5,38,1,1
59,6,47,1,1
59,7,81,1,1
59,8,23,1,1
59,9,64,1,1
59,10,0,1,1
59,11,40,1,1
60,0,10,1,1
60,1,100,1,1
60,2,14,1,1
60,3,47,1,1
60,4,45,1,1
60,5,53,1,1
60,6,40,1,1
60,7,89,1,1
60,8,34,1,1
60,9,56,1,1
60,10,0,1,1
60,11,49,1,1
61,0,10,1,1
61,1,88,1,1
61,2,16,1,1
61,3,36,1,1
61,4,55,1,1
61,5,45,1,1
61,6,34,1,1
61,7,89,1,1
61,8,19,1,1
61,9,51,1,1
61,10,0,1,1
61,11,51,1,1
62,0,28,1,1
62,1,85,1,1
62,2,18,1,1
62,3,35,1,1
62,4,64,1,1
62,5,38,1,1
62,6,43,1,1
62,7,75,1,1
62,8,30,1,1
62,9,47,1,1
62,10,0,1,1
62,11,39,1,1
63,0,13,1,1
63,1,81,1,1
63,2,20,1,1
63,3,48,1,1
63,4,65,1,1
63,5,38,1,1
63,6,39,1,1
63,7,84,1,1
63,8,26,1,1
63,9,48,1,1
63,10,0,1,1
63,11,46,1,1
64,0,12,1,1
64,1,84,1,1
64,2,17,1,1
64,3,43,1,1
64,4,58,1,1
64,5,60,1,1
64,6,45,1,1
64,7,72,1,1
64,8,13,1,1
64,9,51,1,1
64,10,0,1,1
64,11,49,1,1
65,0,17,1,1
65,1,90,1,1
65,2,22,1,1
65,3,54,1,1
65,4,53,1,1
65,5,43,1,1
65,6,44,1,1
65,7,83,1,1
65,8,19,1,1
65,9,70,1,1
65,10,0,1,1
65,11,46,1,1
66,0,21,1,1
66,1,86,1,1
66,2,21,1,1
66,3,54,1,1
66,4,57,1,1
66,5,38,1,1
66,6,50,1,1
66,7,81,1,1
66,8,20,1,1
66,9,58,1,1
66,10,0,1,1
66,11,57,1,1
67,0,9,1,1
67,1,96,1,1
67,2,17,1,1
67,3,45,1,1
67,4,54,1,1
67,5,39,1,1
67,6,43,1,1
67,7,97,1,1
67,8,21,1,1
67,9,46,1,1
67,10,0,1,1
67,11,50,1,1
68,0,11,1,1
68,1,97,1,1
68,2,25,1,1
68,3,61,1,1
68,4,72,1,1
68,5,34,1,1
68,6,62,1,1
68,7,88,1,1
68,8,24,1,1
68,9,43,1,1
68,10,0,1,1
68,11,67,1,1
69,0,16,1,1
69,1,83,1,1
69,2,18,1,1
69,3,48,1,1
69,4,73,1,1
69,5,41,1,1
69,6,56,1,1
69,7,69,1,1
69,8,36,1,1
69,9,47,1,1
69,10,0,1,1
69,11,66,1,1
70,0,17,1,1
70,1,104,1,1
70,2,20,1,1
70,3,49,1,1
70,4,65,1,1
70,5,57,1,1
70,6,48,1,1
70,7,67,1,1
70,8,28,1,1
70,9,49,1,1
70,10,0,1,1
70,11,51,1,1
71,0,14,1,1
71,1,86,1,1
71,2,19,1,1
71,3,51,1,1
71,4,74,1,1
71,5,40,1,1
71,6,48,1,1
71,7,78,1,1
71,8,33,1,1
71,9,55,1,1
71,10,0,1,1
71,11,59,1,1
72,0,23,1,1
72,1,102,1,1
72,2,23,1,1
72,3,65,1,1
72,4,81,1,1
72,5,46,1,1
72,6,71,1,1
72,7,81,1,1
72,8,31,1,1
72,9,73,1,1
72,10,0,1,1
72,11,70,1,1
73,0,14,1,1
73,1,106,1,1
73,2,15,1,1
73,3,50,1,1
73,4,70,1,1
73,5,54,1,1
73,6,57,1,1
73,7,93,1,1
73,8,35,1,1
73,9,64,1,1
73,10,0,1,1
73,11,67,1,1
74,0,18,1,1
74,1,69,1,1
74,2,16,1,1
74,3,75,1,1
74,4,55,1,1
74,5,47,1,1
74,6,68,1,1
74,7,97,1,1
74,8,27,1,1
74,9,54,1,1
74,10,0,1,1
74,11,71,1,1
75,0,15,1,1
75,1,98,1,1
75,2,25,1,1
75,3,60,1,1
75,4,93,1,1
75,5,39,1,1
75,6,75,1,1
75,7,92,1,1
75,8,41,1,1
75,9,66,1,1
75,10,0,1,1
75,11,83,1,1
76,0,24,1,1
76,1,113,1,1
76,2,10,1,1
76,3,57,1,1
76,4,81,1,1
76,5,68,1,1
76,6,66,1,1
76,7,104,1,1
76,8,40,1,1
76,9,94,1,1
76,10,0,1,1
76,11,71,1,1
77,0,17,1,1
77,1,101,1,1
77,2,16,1,1
77,3,41,1,1
77,4,73,1,1
77,5,44,1,1
77,6,51,1,1
77,7,104,1,1
77,8,25,1,1
77,9,77,1,1
77,10,0,1,1
77,11,70,1,1
78,0,12,1,1
78,1,87,1,1
78,2,24,1,1
78,3,54,1,1
78,4,70,1,1
78,5,39,1,1
78,6,51,1,1
78,7,90,1,1
78,8,28,1,1
78,9,67,1,1
78,10,0,1,1
78,11,64,1,1
79,0,14,1,1
79,1,101,1,1
79,2,23,1,1
79,3,58,1,1
79,4,70,1,1
79,5,60,1,1
79,6,54,1,1
79,7,108,1,1
79,8,30,1,1
79,9,71,1,1
79,10,0,1,1
79,11,57,1,1
80,0,20,1,1
80,1,110,1,1
80,2,29,1,1
80,3,57,1,1
80,4,81,1,1
80,5,47,1,1
80,6,51,1,1
80,7,88,1,1
80,8,33,1,1
80,9,82,1,1
80,10,0,1,1
80,11,63,1,1
81,0,18,1,1
81,1,117,1,1
81,2,21,1,1
81,3,52,1,1
81,4,68,1,1
81,5,44,1,1
81,6,48,1,1
81,7,94,1,1
81,8,31,1,1
81,9,77,1,1
81,10,0,1,1
81,11,57,1,1
82,0,14,1,1
82,1,105,1,1
82,2,27,1,1
82,3,54,1,1
82,4,78,1,1
82,5,46,1,1
82,6,46,1,1
82,7,98,1,1
82,8,32,1,1
82,9,85,1,1
82,10,0,1,1
82,11,67,1,1
83,0,12,1,1
83,1,116,1,1
83,2,20,1,1
83,3,62,1,1
83,4,82,1,1
83,5,43,1,1
83,6,62,1,1
83,7,103,1,1
83,8,33,1,1
83,9,77,1,1
83,10,0,1,1
83,11,84,1,1
84,0,17,1,1
84,1,103,1,1
84,2,17,1,1
84,3,52,1,1
84,4,72,1,1
84,5,50,1,1
84,6,58,1,1
84,7,113,1,1
84,8,39,1,1
84,9,59,1,1
84,10,0,1,1
84,11,73,1,1
85,0,14,1,1
85,1,98,1,1
85,2,22,1,1
85,3,70,1,1
85,4,83,1,1
85,5,61,1,1
85,6,62,1,1
85,7,83,1,1
85,8,31,1,1
85,9,66,1,1
85,10,0,1,1
85,11,83,1,1
86,0,21,1,1
86,1,99,1,1
86,2,14,1,1
86,3,70,1,1
86,4,89,1,1
86,5,50,1,1
86,6,64,1,1
86,7,76,1,1
86,8,32,1,1
86,9,67,1,1
86,10,0,1,1
86,11,82,1,1
87,0,21,1,1
87,1,101,1,1
87,2,23,1,1
87,3,65,1,1
87,4,94,1,1
87,5,33,1,1
87,6,69,1,1
87,7,106,1,1
87,8,41,1,1
87,9,52,1,1
87,10,0,1,1
87,11,85,1,1
88,0,24,1,1
88,1,103,1,1
88,2,16,1,1
88,3,72,1,1
88,4,95,1,1
88,5,51,1,1
88,6,69,1,1
88,7,116,1,1
88,8,38,1,1
88,9,81,1,1
88,10,0,1,1
88,11,92,1,1
89,0,29,1,1
89,1,113,1,1
89,2,23,1,1
89,3,63,1,1
89,4,94,1,1
89,5,48,1,1
89,6,78,1,1
89,7,78,1,1
89,8,40,1,1
89,9,77,1,1
89,10,0,1,1
89,11,84,1,1
90,0,16,1,1
90,1,114,1,1
90,2,18,1,1
90,3,71,1,1
90,4,94,1,1
90,5,61,1,1
90,6,73,1,1
90,7,112,1,1
90,8,34,1,1
90,9,87,1,1
90,10,0,1,1
90,11,76,1,1
91,0,0,1,1
91,1,0,1,1
91,2,0,1,1
91,3,0,1,1
91,4,0,1,1
91,5,0,1,1
91,6,0,1,1
91,7,0,1,1
91,8,0,1,1
91,9,0,1,1
91,10,0,1,1
91,11,0,1,1
92,0,0,1,1
92,1,0,1,1
92,2,0,1,1
92,3,0,1,1
92,4,75,1,1
92,5,61,1,1
92,6,79,1,1
92,7,90,1,1
92,8,0,1,1
92,9,0,1,1
92,10,0,1,1
92,11,0,1,1
93,0,18,1,1
93,1,100,1,1
93,2,17,1,1
93,3,67,1,1
93,4,0,1,1
93,5,0,1,1
93,6,0,1,1
93,7,0,1,1
93,8,45,1,1
93,9,79,1,1
93,10,0,1,1
93,11,69,1,1
94,0,15,1,1
94,1,100,1,1
94,2,19,1,1
94,3,61,1,1
94,4,90,1,1
94,5,56,1,1
94,6,65,1,1
94,7,96,1,1
94,8,39,1,1
94,9,62,1,1
94,10,0,1,1
94,11,68,1,1
95,0,12,1,1
95,1,97,1,1
95,2,21,1,1
95,3,97,1,1
95,4,87,1,1
95,5,64,1,1
95,6,93,1,1
95,7,93,1,1
95,8,33,1,1
95,9,74,1,1
95,10,0,1,1
95,11,93,1,1
96,0,24,1,1
96,1,112,1,1
96,2,16,1,1
96,3,72,1,1
96,4,91,1,1
96,5,58,1,1
96,6,74,1,1
96,7,95,1,1
96,8,45,1,1
96,9,72,1,1
96,10,0,1,1
96,11,72,1,1
97,0,15,1,1
97,1,108,1,1
97,2,21,1,1
97,3,70,1,1
97,4,121,1,1
97,5,56,1,1
97,6,74,1,1
97,7,105,1,1
97,8,44,1,1
97,9,73,1,1
97,10,0,1,1
97,11,75,1,1
98,0,22,1,1
98,1,84,1,1
98,2,21,1,1
98,3,73,1,1
98,4,93,1,1
98,5,49,1,1
98,6,75,1,1
98,7,94,1,1
98,8,39,1,1
98,9,78,1,1
98,10,0,1,1
98,11,94,1,1
99,0,16,1,1
99,1,109,1,1
99,2,24,1,1
99,3,79,1,1
99,4,92,1,1
99,5,57,1,1
99,6,80,1,1
99,7,109,1,1
99,8,41,1,1
99,9,76,1,1
99,10,0,1,1
99,11,106,1,1
100,0,30,1,1
100,1,89,1,1
100,2,18,1,1
100,3,81,1,1
100,4,105,1,1
100,5,58,1,1
100,6,92,1,1
100,7,106,1,1
100,8,40,1,1
100,9,69,1,1
100,10,0,1,1
100,11,102,1,1
101,0,20,1,1
101,1,88,1,1
101,2,24,1,1
101,3,86,1,1
101,4,100,1,1
101,5,50,1,1
101,6,94,1,1
101,7,140,1,1
101,8,29,1,1
101,9,58,1,1
101,10,0,1,1
101,11,110,1,1
102,0,18,1,1
102,1,83,1,1
102,2,23,1,1
102,3,78,1,1
102,4,101,1,1
102,5,51,1,1
102,6,92,1,1
102,7,119,1,1
102,8,46,1,1
102,9,72,1,1
102,10,0,1,1
102,11,98,1,1
103,0,35,1,1
103,1,120,1,1
103,2,12,1,1
103,3,77,1,1
103,4,107,1,1
103,5,74,1,1
103,6,87,1,1
103,7,121,1,1
103,8,52,1,1
103,9,89,1,1
103,10,0,1,1
103,11,94,1,1
104,0,32,1,1
104,1,109,1,1
104,2,20,1,1
104,3,90,1,1
104,4,119,1,1
104,5,67,1,1
104,6,97,1,1
104,7,123,1,1
104,8,45,1,1
104,9,85,1,1
104,10,0,1,1
104,11,96,1,1
105,0,28,1,1
105,1,96,1,1
105,2,13,1,1
105,3,101,1,1
105,4,119,1,1
105,5,56,1,1
105,6,96,1,1
105,7,133,1,1
105,8,43,1,1
105,9,70,1,1
105,10,0,1,1
105,11,115,1,1
106,0,30,1,1
106,1,95,1,1
106,2,21,1,1
106,3,87,1,1
106,4,120,1,1
106,5,46,1,1
106,6,109,1,1
106,7,116,1,1
106,8,47,1,1
106,9,67,1,1
106,10,0,1,1
106,11,119,1,1
107,0,27,1,1
107,1,82,1,1
107,2,28,1,1
107,3,95,1,1
107,4,134,1,1
107,5,65,1,1
107,6,88,1,1
107,7,109,1,1
107,8,34,1,1
107,9,69,1,1
107,10,0,1,1
107,11,109,1,1
108,0,27,1,1
108,1,80,1,1
108,2,25,1,1
108,3,93,1,1
108,4,106,1,1
108,5,44,1,1
108,6,113,1,1
108,7,113,1,1
108,8,36,1,1
108,9,65,1,1
108,10,0,1,1
108,11,122,1,1
109,0,31,1,1
109,1,90,1,1
109,2,29,1,1
109,3,68,1,1
109,4,116,1,1
109,5,46,1,1
109,6,79,1,1
109,7,122,1,1
109,8,46,1,1
109,9,57,1,1
109,10,0,1,1
109,11,93,1,1
110,0,25,1,1
110,1,80,1,1
110,2,25,1,1
110,3,71,1,1
110,4,128,1,1
110,5,47,1,1
110,6,83,1,1
110,7,101,1,1
110,8,28,1,1
110,9,67,1,1
110,10,0,1,1
110,11,96,1,1
111,0,23,1,1
111,1,77,1,1
111,2,26,1,1
111,3,104,1,1
111,4,116,1,1
111,5,45,1,1
111,6,90,1,1
111,7,116,1,1
111,8,37,1,1
111,9,66,1,1
111,10,0,1,1
111,11,107,1,1
112,0,32,1,1
112,1,95,1,1
112,2,15,1,1
112,3,94,1,1
112,4,135,1,1
112,5,44,1,1
112,6,112,1,1
112,7,111,1,1
112,8,44,1,1
112,9,58,1,1
112,10,0,1,1
112,11,101,1,1
113,0,39,1,1
113,1,80,1,1
113,2,21,1,1
113,3,90,1,1
113,4,120,1,1
113,5,44,1,1
113,6,85,1,1
113,7,98,1,1
113,8,40,1,1
113,9,63,1,1
113,10,0,1,1
113,11,91,1,1
114,0,29,1,1
114,1,76,1,1
114,2,22,1,1
114,3,113,1,1
114,4,115,1,1
114,5,41,1,1
114,6,107,1,1
114,7,100,1,1
114,8,40,1,1
114,9,62,1,1
114,10,0,1,1
114,11,109,1,1
115,0,22,1,1
115,1,87,1,1
115,2,21,1,1
115,3,91,1,1
115,4,115,1,1
115,5,48,1,1
115,6,90,1,1
115,7,94,1,1
115,8,31,1,1
115,9,64,1,1
115,10,0,1,1
115,11,101,1,1
116,0,29,1,1
116,1,80,1,1
116,2,19,1,1
116,3,59,1,1
116,4,87,1,1
116,5,43,1,1
116,6,63,1,1
116,7,84,1,1
116,8,29,1,1
116,9,67,1,1
116,10,0,1,1
116,11,82,1,1
117,0,16,1,1
117,1,75,1,1
117,2,6,1,1
117,3,67,1,1
117,4,82,1,1
117,5,40,1,1
117,6,69,1,1
117,7,83,1,1
117,8,31,1,1
117,9,53,1,1
117,10,0,1,1
117,11,73,1,1
118,0,22,1,1
118,1,66,1,1
118,2,14,1,1
118,3,68,1,1
118,4,72,1,1
118,5,36,1,1
118,6,78,1,1
118,7,77,1,1
118,8,31,1,1
118,9,53,1,1
118,10,0,1,1
118,11,79,1,1
119,0,18,1,1
119,1,53,1,1
119,2,17,1,1
119,3,58,1,1
119,4,68,1,1
119,5,36,1,1
119,6,70,1,1
119,7,70,1,1
119,8,22,1,1
119,9,55,1,1
119,10,0,1,1
119,11,73,1,1
120,0,14,1,1
120,1,71,1,1
120,2,8,1,1
120,3,46,1,1
120,4,72,1,1
120,5,46,1,1
120,6,54,1,1
120,7,84,1,1
120,8,21,1,1
120,9,64,1,1
120,10,0,1,1
120,11,63,1,1
121,0,15,1,1
121,1,65,1,1
121,2,9,1,1
121,3,32,1,1
121,4,72,1,1
121,5,46,1,1
121,6,46,1,1
121,7,86,1,1
121,8,24,1,1
121,9,59,1,1
121,10,0,1,1
121,11,65,1,1
122,0,7,1,1
122,1,49,1,1
122,2,9,1,1
122,3,47,1,1
122,4,54,1,1
122,5,26,1,1
122,6,47,1,1
122,7,62,1,1
122,8,23,1,1
122,9,50,1,1
122,10,0,1,1
122,11,61,1,1
123,0,14,1,1
123,1,53,1,1
123,2,16,1,1
123,3,38,1,1
123,4,60,1,1
123,5,33,1,1
123,6,49,1,1
123,7,56,1,1
123,8,21,1,1
123,9,47,1,1
123,10,0,1,1
123,11,64,1,1
124,0,22,1,1
124,1,54,1,1
124,2,9,1,1
124,3,47,1,1
124,4,69,1,1
124,5,30,1,1
124,6,45,1,1
124,7,60,1,1
124,8,22,1,1
124,9,57,1,1
124,10,0,1,1
124,11,50,1,1
125,0,9,1,1
125,1,47,1,1
125,2,12,1,1
125,3,30,1,1
125,4,54,1,1
125,5,20,1,1
125,6,30,1,1
125,7,46,1,1
125,8,26,1,1
125,9,52,1,1
125,10,0,1,1
125,11,41,1,1
126,0,12,1,1
126,1,49,1,1
126,2,8,1,1
126,3,44,1,1
126,4,52,1,1
126,5,25,1,1
126,6,50,1,1
126,7,55,1,1
126,8,19,1,1
126,9,50,1,1
126,10,0,1,1
126,11,54,1,1
127,0,8,1,1
127,1,52,1,1
127,2,9,1,1
127,3,32,1,1
127,4,59,1,1
127,5,30,1,1
127,6,32,1,1
127,7,51,1,1
127,8,22,1,1
127,9,58,1,1
127,10,0,1,1
127,11,51,1,1
128,0,7,1,1
128,1,50,1,1
128,2,8,1,1
128,3,31,1,1
128,4,59,1,1
128,5,30,1,1
128,6,27,1,1
128,7,50,1,1
128,8,17,1,1
128,9,59,1,1
128,10,0,1,1
128,11,41,1,1
129,0,8,1,1
129,1,32,1,1
129,2,4,1,1
129,3,34,1,1
129,4,41,1,1
129,5,29,1,1
129,6,35,1,1
129,7,55,1,1
129,8,13,1,1
129,9,40,1,1
129,10,0,1,1
129,11,46,1,1
130,0,6,1,1
130,1,35,1,1
130,2,3,1,1
130,3,41,1,1
130,4,58,1,1
130,5,25,1,1
130,6,36,1,1
130,7,33,1,1
130,8,15,1,1
130,9,39,1,1
130,10,0,1,1
130,11,37,1,1
131,0,7,1,1
131,1,45,1,1
131,2,6,1,1
131,3,37,1,1
131,4,53,1,1
131,5,28,1,1
131,6,35,1,1
131,7,38,1,1
131,8,12,1,1
131,9,54,1,1
131,10,0,1,1
131,11,36,1,1
132,0,9,1,1
132,1,50,1,1
132,2,10,1,1
132,3,34,1,1
132,4,41,1,1
132,5,21,1,1
132,6,38,1,1
132,7,46,1,1
132,8,14,1,1
132,9,42,1,1
132,10,0,1,1
132,11,41,1,1
133,0,15,1,1
133,1,46,1,1
133,2,5,1,1
133,3,29,1,1
133,4,54,1,1
133,5,33,1,1
133,6,29,1,1
133,7,42,1,1
133,8,18,1,1
133,9,48,1,1
133,10,0,1,1
133,11,43,1,1
134,0,8,1,1
134,1,66,1,1
134,2,7,1,1
134,3,36,1,1
134,4,56,1,1
134,5,36,1,1
134,6,37,1,1
134,7,54,1,1
134,8,15,1,1
134,9,44,1,1
134,10,0,1,1
134,11,41,1,1
135,0,12,1,1
135,1,42,1,1
135,2,6,1,1
135,3,28,1,1
135,4,45,1,1
135,5,16,1,1
135,6,37,1,1
135,7,45,1,1
135,8,14,1,1
135,9,30,1,1
135,10,0,1,1
135,11,39,1,1
136,0,9,1,1
136,1,31,1,1
136,2,8,1,1
136,3,23,1,1
136,4,48,1,1
136,5,14,1,1
136,6,30,1,1
136,7,37,1,1
136,8,18,1,1
136,9,29,1,1
136,10,0,1,1
136,11,34,1,1
137,0,11,1,1
137,1,34,1,1
137,2,14,1,1
137,3,25,1,1
137,4,31,1,1
137,5,17,1,1
137,6,31,1,1
137,7,42,1,1
137,8,7,1,1
137,9,41,1,1
137,10,0,1,1
137,11,28,1,1
138,0,5,1,1
138,1,39,1,1
138,2,9,1,1
138,3,14,1,1
138,4,56,1,1
138,5,17,1,1
138,6,30,1,1
138,7,34,1,1
138,8,16,1,1
138,9,25,1,1
138,10,0,1,1
138,11,30,1,1
139,0,6,1,1
139,1,40,1,1
139,2,9,1,1
139,3,9,1,1
139,4,37,1,1
139,5,30,1,1
139,6,26,1,1
139,7,36,1,1
139,8,15,1,1
139,9,29,1,1
139,10,0,1,1
139,11,23,1,1
140,0,8,1,1
140,1,36,1,1
140,2,6,1,1
140,3,27,1,1
140,4,36,1,1
140,5,15,1,1
140,6,26,1,1
140,7,41,1,1
140,8,8,1,1
140,9,27,1,1
140,10,0,1,1
140,11,33,1,1
141,0,3,1,1
141,1,19,1,1
141,2,10,1,1
141,3,22,1,1
141,4,40,1,1
141,5,13,1,1
141,6,16,1,1
141,7,42,1,1
141,8,8,1,1
141,9,24,1,1
141,10,0,1,1
141,11,20,1,1
142,0,5,1,1
142,1,28,1,1
142,2,5,1,1
142,3,21,1,1
142,4,30,1,1
142,5,17,1,1
142,6,22,1,1
142,7,30,1,1
142,8,5,1,1
142,9,20,1,1
142,10,0,1,1
142,11,24,1,1
143,0,5,1,1
143,1,22,1,1
143,2,4,1,1
143,3,23,1,1
143,4,22,1,1
143,5,12,1,1
143,6,18,1,1
143,7,33,1,1
143,8,6,1,1
143,9,13,1,1
143,10,0,1,1
143,11,27,1,1
144,0,3,1,1
144,1,20,1,1
144,2,4,1,1
144,3,23,1,1
144,4,26,1,1
144,5,12,1,1
144,6,21,1,1
144,7,20,1,1
144,8,7,1,1
144,9,13,1,1
144,10,0,1,1
144,11,24,1,1
